{"model_structure": {"0": {"type": "input_object", "args": {"shape": [28, 28, 1], "batch_shape": null, "dtype": null, "sparse": false, "tensor": null, "name": "00_input_object"}, "pre_layers": [], "output_shape": [null, 28, 28, 1]}, "1": {"type": "dense", "args": {"units": 4, "activation": "linear", "use_bias": false, "kernel_initializer": "random_uniform", "bias_initializer": "random_uniform", "kernel_regularizer": null, "bias_regularizer": null, "activity_regularizer": null, "kernel_constraint": null, "bias_constraint": null, "name": "01_dense"}, "pre_layers": [0], "output_shape": [null, 28, 28, 4]}, "2": {"type": "average_pooling2D", "args": {"pool_size": [4, 4], "strides": [3, 3], "padding": "valid", "data_format": "channels_first", "name": "02_average_pooling2D"}, "pre_layers": [1], "output_shape": [null, 28, 9, 1]}, "3": {"type": "conv2D", "args": {"filters": 5, "kernel_size": [1, 1], "strides": [1, 1], "padding": "valid", "data_format": "channels_first", "dilation_rate": [1, 1], "activation": "elu", "use_bias": true, "kernel_initializer": "random_uniform", "bias_initializer": "random_uniform", "kernel_regularizer": null, "bias_regularizer": null, "activity_regularizer": null, "kernel_constraint": null, "bias_constraint": null, "name": "03_conv2D"}, "pre_layers": [2], "output_shape": [null, 5, 9, 1]}, "4": {"type": "ReLU", "args": {"max_value": 9.664086787804381, "name": "04_ReLU"}, "pre_layers": [3], "output_shape": [null, 5, 9, 1]}, "5": {"type": "flatten", "args": {"data_format": "channels_last", "name": "05_flatten"}, "pre_layers": [4], "output_shape": [null, 45]}, "6": {"type": "dense", "args": {"units": 10, "activation": "linear", "use_bias": true, "kernel_initializer": "random_uniform", "bias_initializer": "random_uniform", "kernel_regularizer": null, "bias_regularizer": null, "activity_regularizer": null, "kernel_constraint": null, "bias_constraint": null, "name": "06_dense"}, "pre_layers": [5], "output_shape": [null, 10]}, "7": {"type": "reshape", "args": {"target_shape": [10], "name": "07_reshape"}, "pre_layers": [6], "output_shape": [null, 10]}}, "input_id_list": [0], "output_id_list": [7], "dataset_name": "mnist"}