{"model_structure": {"0": {"type": "input_object", "args": {"shape": [28, 28, 1], "batch_shape": null, "dtype": null, "sparse": false, "tensor": null, "name": "00_input_object"}, "pre_layers": [], "output_shape": [null, 28, 28, 1]}, "1": {"type": "conv2D_transpose", "args": {"filters": 5, "kernel_size": [13, 13], "strides": [28, 28], "padding": "same", "data_format": "channels_last", "activation": "selu", "use_bias": true, "kernel_initializer": "random_uniform", "bias_initializer": "random_uniform", "kernel_regularizer": null, "bias_regularizer": null, "activity_regularizer": null, "kernel_constraint": null, "bias_constraint": null, "name": "01_conv2D_transpose"}, "pre_layers": [0], "output_shape": [null, 784, 784, 5]}, "2": {"type": "batch_normalization", "args": {"axis": 3, "momentum": 0.9650001056863103, "epsilon": 0.18328440492973763, "center": true, "scale": false, "beta_initializer": "random_uniform", "gamma_initializer": "random_uniform", "moving_mean_initializer": "random_uniform", "moving_variance_initializer": "random_uniform", "beta_regularizer": null, "gamma_regularizer": null, "beta_constraint": null, "gamma_constraint": null, "name": "02_batch_normalization"}, "pre_layers": [1], "output_shape": [null, 784, 784, 5]}, "3": {"type": "conv2D_transpose", "args": {"filters": 5, "kernel_size": [2, 2], "strides": [2, 2], "padding": "same", "data_format": "channels_first", "activation": "relu", "use_bias": true, "kernel_initializer": "random_uniform", "bias_initializer": "random_uniform", "kernel_regularizer": null, "bias_regularizer": null, "activity_regularizer": null, "kernel_constraint": null, "bias_constraint": null, "name": "03_conv2D_transpose"}, "pre_layers": [2], "output_shape": [null, 5, 1568, 10]}, "4": {"type": "conv2D_transpose", "args": {"filters": 5, "kernel_size": [3, 3], "strides": [1, 1], "padding": "valid", "data_format": "channels_first", "activation": "selu", "use_bias": true, "kernel_initializer": "random_uniform", "bias_initializer": "random_uniform", "kernel_regularizer": null, "bias_regularizer": null, "activity_regularizer": null, "kernel_constraint": null, "bias_constraint": null, "name": "04_conv2D_transpose"}, "pre_layers": [3], "output_shape": [null, 5, 1570, 12]}, "5": {"type": "flatten", "args": {"data_format": "channels_last", "name": "05_flatten"}, "pre_layers": [4], "output_shape": [null, 94200]}, "6": {"type": "dense", "args": {"units": 10, "activation": "linear", "use_bias": false, "kernel_initializer": "random_uniform", "bias_initializer": "random_uniform", "kernel_regularizer": null, "bias_regularizer": null, "activity_regularizer": null, "kernel_constraint": null, "bias_constraint": null, "name": "06_dense"}, "pre_layers": [5], "output_shape": [null, 10]}, "7": {"type": "reshape", "args": {"target_shape": [10], "name": "07_reshape"}, "pre_layers": [6], "output_shape": [null, 10]}}, "input_id_list": [0], "output_id_list": [7], "dataset_name": "mnist"}