{"model_structure": {"0": {"type": "input_object", "args": {"shape": [28, 28, 1], "batch_shape": null, "dtype": null, "sparse": false, "tensor": null, "name": "00_input_object"}, "pre_layers": [], "output_shape": [null, 28, 28, 1]}, "1": {"type": "up_sampling2D", "args": {"size": [5, 5], "data_format": "channels_first", "name": "01_up_sampling2D"}, "pre_layers": [0], "output_shape": [null, 28, 140, 5]}, "2": {"type": "up_sampling2D", "args": {"size": [3, 5], "data_format": "channels_last", "name": "02_up_sampling2D"}, "pre_layers": [1], "output_shape": [null, 84, 700, 5]}, "3": {"type": "average_pooling2D", "args": {"pool_size": [4, 4], "strides": [4, 4], "padding": "same", "data_format": "channels_first", "name": "03_average_pooling2D"}, "pre_layers": [2], "output_shape": [null, 84, 175, 2]}, "4": {"type": "dense", "args": {"units": 5, "activation": "linear", "use_bias": false, "kernel_initializer": "random_uniform", "bias_initializer": "random_uniform", "kernel_regularizer": null, "bias_regularizer": null, "activity_regularizer": null, "kernel_constraint": null, "bias_constraint": null, "name": "04_dense"}, "pre_layers": [3], "output_shape": [null, 84, 175, 5]}, "5": {"type": "flatten", "args": {"data_format": null, "name": "05_flatten"}, "pre_layers": [4], "output_shape": [null, 73500]}, "6": {"type": "dense", "args": {"units": 10, "activation": "linear", "use_bias": true, "kernel_initializer": "random_uniform", "bias_initializer": "random_uniform", "kernel_regularizer": null, "bias_regularizer": null, "activity_regularizer": null, "kernel_constraint": null, "bias_constraint": null, "name": "06_dense"}, "pre_layers": [5], "output_shape": [null, 10]}, "7": {"type": "reshape", "args": {"target_shape": [10], "name": "07_reshape"}, "pre_layers": [6], "output_shape": [null, 10]}}, "input_id_list": [0], "output_id_list": [7], "dataset_name": "mnist"}