{"model_structure": {"0": {"type": "input_object", "args": {"shape": [28, 28, 1], "batch_shape": null, "dtype": null, "sparse": false, "tensor": null, "name": "00_input_object"}, "pre_layers": [], "output_shape": [null, 28, 28, 1]}, "1": {"type": "global_max_pooling2D", "args": {"data_format": "channels_first", "name": "01_global_max_pooling2D"}, "pre_layers": [0], "output_shape": [null, 28]}, "2": {"type": "repeat_vector", "args": {"n": 2, "name": "02_repeat_vector"}, "pre_layers": [1], "output_shape": [null, 2, 28]}, "3": {"type": "cropping1D", "args": {"cropping": 0, "name": "03_cropping1D"}, "pre_layers": [2], "output_shape": [null, 2, 28]}, "4": {"type": "simpleRNN", "args": {"units": 3, "activation": "elu", "use_bias": false, "kernel_initializer": "random_uniform", "recurrent_initializer": "random_uniform", "bias_initializer": "random_uniform", "kernel_regularizer": null, "recurrent_regularizer": null, "bias_regularizer": null, "activity_regularizer": null, "kernel_constraint": null, "recurrent_constraint": null, "bias_constraint": null, "dropout": 0.0, "recurrent_dropout": 0.0, "return_sequences": false, "return_state": false, "go_backwards": false, "stateful": false, "unroll": true, "name": "04_simpleRNN"}, "pre_layers": [3], "output_shape": [null, 3]}, "5": {"type": "dense", "args": {"units": 10, "activation": "linear", "use_bias": true, "kernel_initializer": "random_uniform", "bias_initializer": "random_uniform", "kernel_regularizer": null, "bias_regularizer": null, "activity_regularizer": null, "kernel_constraint": null, "bias_constraint": null, "name": "05_dense"}, "pre_layers": [4], "output_shape": [null, 10]}, "6": {"type": "reshape", "args": {"target_shape": [10], "name": "06_reshape"}, "pre_layers": [5], "output_shape": [null, 10]}}, "input_id_list": [0], "output_id_list": [6], "dataset_name": "mnist"}