{"model_structure": {"0": {"type": "input_object", "args": {"shape": [28, 28, 1], "batch_shape": null, "dtype": null, "sparse": false, "tensor": null, "name": "00_input_object"}, "pre_layers": [], "output_shape": [null, 28, 28, 1]}, "1": {"type": "reshape", "args": {"target_shape": [28, 1, 28], "name": "01_reshape"}, "pre_layers": [0], "output_shape": [null, 28, 1, 28]}, "2": {"type": "permute", "args": {"dims": [3, 2, 1], "name": "02_permute"}, "pre_layers": [1], "output_shape": [null, 28, 1, 28]}, "3": {"type": "cropping2D", "args": {"cropping": [[0, 0], [3, 21]], "data_format": "channels_first", "name": "03_cropping2D"}, "pre_layers": [2], "output_shape": [null, 28, 1, 4]}, "4": {"type": "separable_conv2D", "args": {"filters": 3, "kernel_size": [1, 1], "strides": [1, 1], "padding": "same", "data_format": "channels_last", "dilation_rate": [1, 1], "depth_multiplier": 2, "activation": "elu", "use_bias": false, "depthwise_initializer": "random_uniform", "pointwise_initializer": "random_uniform", "bias_initializer": "random_uniform", "depthwise_regularizer": null, "pointwise_regularizer": null, "bias_regularizer": null, "activity_regularizer": null, "depthwise_constraint": null, "pointwise_constraint": null, "bias_constraint": null, "name": "04_separable_conv2D"}, "pre_layers": [3], "output_shape": [null, 28, 1, 3]}, "5": {"type": "flatten", "args": {"data_format": "channels_last", "name": "05_flatten"}, "pre_layers": [4], "output_shape": [null, 84]}, "6": {"type": "dense", "args": {"units": 10, "activation": "linear", "use_bias": false, "kernel_initializer": "random_uniform", "bias_initializer": "random_uniform", "kernel_regularizer": null, "bias_regularizer": null, "activity_regularizer": null, "kernel_constraint": null, "bias_constraint": null, "name": "06_dense"}, "pre_layers": [5], "output_shape": [null, 10]}, "7": {"type": "reshape", "args": {"target_shape": [10], "name": "07_reshape"}, "pre_layers": [6], "output_shape": [null, 10]}}, "input_id_list": [0], "output_id_list": [7], "dataset_name": "mnist"}