{"model_structure": {"0": {"type": "input_object", "args": {"shape": [28, 28, 1], "batch_shape": null, "dtype": null, "sparse": false, "tensor": null, "name": "00_input_object"}, "pre_layers": [], "output_shape": [null, 28, 28, 1]}, "1": {"type": "separable_conv2D", "args": {"filters": 3, "kernel_size": [1, 1], "strides": [1, 1], "padding": "valid", "data_format": "channels_first", "dilation_rate": [1, 1], "depth_multiplier": 3, "activation": "softplus", "use_bias": false, "depthwise_initializer": "random_uniform", "pointwise_initializer": "random_uniform", "bias_initializer": "random_uniform", "depthwise_regularizer": null, "pointwise_regularizer": null, "bias_regularizer": null, "activity_regularizer": null, "depthwise_constraint": null, "pointwise_constraint": null, "bias_constraint": null, "name": "01_separable_conv2D"}, "pre_layers": [0], "output_shape": [null, 3, 28, 1]}, "2": {"type": "batch_normalization", "args": {"axis": 3, "momentum": 0.7715059023323368, "epsilon": 0.3904645315838807, "center": true, "scale": true, "beta_initializer": "random_uniform", "gamma_initializer": "random_uniform", "moving_mean_initializer": "random_uniform", "moving_variance_initializer": "random_uniform", "beta_regularizer": null, "gamma_regularizer": null, "beta_constraint": null, "gamma_constraint": null, "name": "02_batch_normalization"}, "pre_layers": [1], "output_shape": [null, 3, 28, 1]}, "3": {"type": "time_distributed", "args": {"layer": {"type": "batch_normalization", "args": {"axis": 1, "momentum": 0.39431281350814673, "epsilon": 0.11238554156372971, "center": true, "scale": false, "beta_initializer": "random_uniform", "gamma_initializer": "random_uniform", "moving_mean_initializer": "random_uniform", "moving_variance_initializer": "random_uniform", "beta_regularizer": null, "gamma_regularizer": null, "beta_constraint": null, "gamma_constraint": null}}, "name": "03_time_distributed"}, "pre_layers": [2], "output_shape": [null, 3, 28, 1]}, "4": {"type": "average_pooling2D", "args": {"pool_size": [3, 3], "strides": [2, 2], "padding": "valid", "data_format": "channels_last", "name": "04_average_pooling2D"}, "pre_layers": [3], "output_shape": [null, 1, 13, 1]}, "5": {"type": "flatten", "args": {"data_format": "channels_first", "name": "05_flatten"}, "pre_layers": [4], "output_shape": [null, 13]}, "6": {"type": "dense", "args": {"units": 10, "activation": "linear", "use_bias": true, "kernel_initializer": "random_uniform", "bias_initializer": "random_uniform", "kernel_regularizer": null, "bias_regularizer": null, "activity_regularizer": null, "kernel_constraint": null, "bias_constraint": null, "name": "06_dense"}, "pre_layers": [5], "output_shape": [null, 10]}, "7": {"type": "reshape", "args": {"target_shape": [10], "name": "07_reshape"}, "pre_layers": [6], "output_shape": [null, 10]}}, "input_id_list": [0], "output_id_list": [7], "dataset_name": "mnist"}