{"model_structure": {"0": {"type": "input_object", "args": {"shape": [28, 28, 1], "batch_shape": null, "dtype": null, "sparse": false, "tensor": null, "name": "00_input_object"}, "pre_layers": [], "output_shape": [null, 28, 28, 1]}, "1": {"type": "flatten", "args": {"data_format": null, "name": "01_flatten"}, "pre_layers": [0], "output_shape": [null, 784]}, "2": {"type": "reshape", "args": {"target_shape": [784], "name": "02_reshape"}, "pre_layers": [1], "output_shape": [null, 784]}, "3": {"type": "reshape", "args": {"target_shape": [784], "name": "03_reshape"}, "pre_layers": [2], "output_shape": [null, 784]}, "4": {"type": "repeat_vector", "args": {"n": 5, "name": "04_repeat_vector"}, "pre_layers": [3], "output_shape": [null, 5, 784]}, "5": {"type": "flatten", "args": {"data_format": "channels_first", "name": "05_flatten"}, "pre_layers": [4], "output_shape": [null, 3920]}, "6": {"type": "dense", "args": {"units": 10, "activation": "linear", "use_bias": true, "kernel_initializer": "random_uniform", "bias_initializer": "random_uniform", "kernel_regularizer": null, "bias_regularizer": null, "activity_regularizer": null, "kernel_constraint": null, "bias_constraint": null, "name": "06_dense"}, "pre_layers": [5], "output_shape": [null, 10]}, "7": {"type": "reshape", "args": {"target_shape": [10], "name": "07_reshape"}, "pre_layers": [6], "output_shape": [null, 10]}}, "input_id_list": [0], "output_id_list": [7], "dataset_name": "mnist"}