{"model_structure": {"0": {"type": "input_object", "args": {"shape": [28, 28, 1], "batch_shape": null, "dtype": null, "sparse": false, "tensor": null, "name": "00_input_object"}, "pre_layers": [], "output_shape": [null, 28, 28, 1]}, "1": {"type": "batch_normalization", "args": {"axis": -1, "momentum": 0.16549763414057472, "epsilon": 0.7850563686216613, "center": true, "scale": false, "beta_initializer": "random_uniform", "gamma_initializer": "random_uniform", "moving_mean_initializer": "random_uniform", "moving_variance_initializer": "random_uniform", "beta_regularizer": null, "gamma_regularizer": null, "beta_constraint": null, "gamma_constraint": null, "name": "01_batch_normalization"}, "pre_layers": [0], "output_shape": [null, 28, 28, 1]}, "2": {"type": "batch_normalization", "args": {"axis": 1, "momentum": 0.9003799665694647, "epsilon": 0.795121696782492, "center": false, "scale": false, "beta_initializer": "random_uniform", "gamma_initializer": "random_uniform", "moving_mean_initializer": "random_uniform", "moving_variance_initializer": "random_uniform", "beta_regularizer": null, "gamma_regularizer": null, "beta_constraint": null, "gamma_constraint": null, "name": "02_batch_normalization"}, "pre_layers": [1], "output_shape": [null, 28, 28, 1]}, "3": {"type": "up_sampling2D", "args": {"size": 2, "data_format": "channels_first", "name": "03_up_sampling2D"}, "pre_layers": [2], "output_shape": [null, 28, 56, 2]}, "4": {"type": "time_distributed", "args": {"layer": {"type": "batch_normalization", "args": {"axis": -1, "momentum": 0.11016800756472611, "epsilon": 0.24014635196480405, "center": false, "scale": false, "beta_initializer": "random_uniform", "gamma_initializer": "random_uniform", "moving_mean_initializer": "random_uniform", "moving_variance_initializer": "random_uniform", "beta_regularizer": null, "gamma_regularizer": null, "beta_constraint": null, "gamma_constraint": null}}, "name": "04_time_distributed"}, "pre_layers": [3], "output_shape": [null, 28, 56, 2]}, "5": {"type": "flatten", "args": {"data_format": "channels_first", "name": "05_flatten"}, "pre_layers": [4], "output_shape": [null, 3136]}, "6": {"type": "dense", "args": {"units": 10, "activation": "linear", "use_bias": false, "kernel_initializer": "random_uniform", "bias_initializer": "random_uniform", "kernel_regularizer": null, "bias_regularizer": null, "activity_regularizer": null, "kernel_constraint": null, "bias_constraint": null, "name": "06_dense"}, "pre_layers": [5], "output_shape": [null, 10]}, "7": {"type": "reshape", "args": {"target_shape": [10], "name": "07_reshape"}, "pre_layers": [6], "output_shape": [null, 10]}}, "input_id_list": [0], "output_id_list": [7], "dataset_name": "mnist"}