{"model_structure": {"0": {"type": "input_object", "args": {"shape": [28, 28, 1], "batch_shape": null, "dtype": null, "sparse": false, "tensor": null, "name": "00_input_object"}, "pre_layers": [], "output_shape": [null, 28, 28, 1]}, "1": {"type": "max_pooling2D", "args": {"pool_size": [6, 6], "strides": null, "padding": "same", "data_format": "channels_last", "name": "01_max_pooling2D"}, "pre_layers": [0], "output_shape": [null, 5, 5, 1]}, "2": {"type": "batch_normalization", "args": {"axis": 2, "momentum": 0.7517142818863499, "epsilon": 0.669756826174569, "center": false, "scale": true, "beta_initializer": "random_uniform", "gamma_initializer": "random_uniform", "moving_mean_initializer": "random_uniform", "moving_variance_initializer": "random_uniform", "beta_regularizer": null, "gamma_regularizer": null, "beta_constraint": null, "gamma_constraint": null, "name": "02_batch_normalization"}, "pre_layers": [1], "output_shape": [null, 5, 5, 1]}, "3": {"type": "conv2D_transpose", "args": {"filters": 5, "kernel_size": [1, 1], "strides": [1, 1], "padding": "same", "data_format": "channels_first", "activation": "softmax", "use_bias": true, "kernel_initializer": "random_uniform", "bias_initializer": "random_uniform", "kernel_regularizer": null, "bias_regularizer": null, "activity_regularizer": null, "kernel_constraint": null, "bias_constraint": null, "name": "03_conv2D_transpose"}, "pre_layers": [2], "output_shape": [null, 5, 5, 1]}, "4": {"type": "cropping2D", "args": {"cropping": [[4, 0], [0, 0]], "data_format": "channels_first", "name": "04_cropping2D"}, "pre_layers": [3], "output_shape": [null, 5, 1, 1]}, "5": {"type": "flatten", "args": {"data_format": "channels_last", "name": "05_flatten"}, "pre_layers": [4], "output_shape": [null, 5]}, "6": {"type": "dense", "args": {"units": 10, "activation": "linear", "use_bias": true, "kernel_initializer": "random_uniform", "bias_initializer": "random_uniform", "kernel_regularizer": null, "bias_regularizer": null, "activity_regularizer": null, "kernel_constraint": null, "bias_constraint": null, "name": "06_dense"}, "pre_layers": [5], "output_shape": [null, 10]}, "7": {"type": "reshape", "args": {"target_shape": [10], "name": "07_reshape"}, "pre_layers": [6], "output_shape": [null, 10]}}, "input_id_list": [0], "output_id_list": [7], "dataset_name": "mnist"}