{"model_structure": {"0": {"type": "input_object", "args": {"shape": [28, 28, 1], "batch_shape": null, "dtype": null, "sparse": false, "tensor": null, "name": "00_input_object"}, "pre_layers": [], "output_shape": [null, 28, 28, 1]}, "1": {"type": "conv2D_transpose", "args": {"filters": 4, "kernel_size": [1, 1], "strides": [1, 1], "padding": "valid", "data_format": "channels_first", "activation": "softplus", "use_bias": false, "kernel_initializer": "random_uniform", "bias_initializer": "random_uniform", "kernel_regularizer": null, "bias_regularizer": null, "activity_regularizer": null, "kernel_constraint": null, "bias_constraint": null, "name": "01_conv2D_transpose"}, "pre_layers": [0], "output_shape": [null, 4, 28, 1]}, "2": {"type": "global_max_pooling2D", "args": {"data_format": "channels_last", "name": "02_global_max_pooling2D"}, "pre_layers": [1], "output_shape": [null, 1]}, "3": {"type": "dense", "args": {"units": 4, "activation": "linear", "use_bias": false, "kernel_initializer": "random_uniform", "bias_initializer": "random_uniform", "kernel_regularizer": null, "bias_regularizer": null, "activity_regularizer": null, "kernel_constraint": null, "bias_constraint": null, "name": "03_dense"}, "pre_layers": [2], "output_shape": [null, 4]}, "4": {"type": "batch_normalization", "args": {"axis": 1, "momentum": 0.8609611824714193, "epsilon": 0.2566754178047277, "center": true, "scale": false, "beta_initializer": "random_uniform", "gamma_initializer": "random_uniform", "moving_mean_initializer": "random_uniform", "moving_variance_initializer": "random_uniform", "beta_regularizer": null, "gamma_regularizer": null, "beta_constraint": null, "gamma_constraint": null, "name": "04_batch_normalization"}, "pre_layers": [3], "output_shape": [null, 4]}, "5": {"type": "dense", "args": {"units": 10, "activation": "linear", "use_bias": false, "kernel_initializer": "random_uniform", "bias_initializer": "random_uniform", "kernel_regularizer": null, "bias_regularizer": null, "activity_regularizer": null, "kernel_constraint": null, "bias_constraint": null, "name": "05_dense"}, "pre_layers": [4], "output_shape": [null, 10]}, "6": {"type": "reshape", "args": {"target_shape": [10], "name": "06_reshape"}, "pre_layers": [5], "output_shape": [null, 10]}}, "input_id_list": [0], "output_id_list": [6], "dataset_name": "mnist"}