{"model_structure": {"0": {"type": "input_object", "args": {"shape": [28, 28, 1], "batch_shape": null, "dtype": null, "sparse": false, "tensor": null, "name": "00_input_object"}, "pre_layers": [], "output_shape": [null, 28, 28, 1]}, "1": {"type": "dense", "args": {"units": 2, "activation": "linear", "use_bias": false, "kernel_initializer": "random_uniform", "bias_initializer": "random_uniform", "kernel_regularizer": null, "bias_regularizer": null, "activity_regularizer": null, "kernel_constraint": null, "bias_constraint": null, "name": "01_dense"}, "pre_layers": [0], "output_shape": [null, 28, 28, 2]}, "2": {"type": "conv2D_transpose", "args": {"filters": 5, "kernel_size": [1, 1], "strides": [2, 2], "padding": "same", "data_format": "channels_first", "activation": "selu", "use_bias": false, "kernel_initializer": "random_uniform", "bias_initializer": "random_uniform", "kernel_regularizer": null, "bias_regularizer": null, "activity_regularizer": null, "kernel_constraint": null, "bias_constraint": null, "name": "02_conv2D_transpose"}, "pre_layers": [1], "output_shape": [null, 5, 56, 4]}, "3": {"type": "global_max_pooling2D", "args": {"data_format": "channels_first", "name": "03_global_max_pooling2D"}, "pre_layers": [2], "output_shape": [null, 5]}, "4": {"type": "repeat_vector", "args": {"n": 2, "name": "04_repeat_vector"}, "pre_layers": [3], "output_shape": [null, 2, 5]}, "5": {"type": "flatten", "args": {"data_format": "channels_first", "name": "05_flatten"}, "pre_layers": [4], "output_shape": [null, 10]}, "6": {"type": "dense", "args": {"units": 10, "activation": "linear", "use_bias": true, "kernel_initializer": "random_uniform", "bias_initializer": "random_uniform", "kernel_regularizer": null, "bias_regularizer": null, "activity_regularizer": null, "kernel_constraint": null, "bias_constraint": null, "name": "06_dense"}, "pre_layers": [5], "output_shape": [null, 10]}, "7": {"type": "reshape", "args": {"target_shape": [10], "name": "07_reshape"}, "pre_layers": [6], "output_shape": [null, 10]}}, "input_id_list": [0], "output_id_list": [7], "dataset_name": "mnist"}