{"model_structure": {"0": {"type": "input_object", "args": {"shape": [28, 28, 1], "batch_shape": null, "dtype": null, "sparse": false, "tensor": null, "name": "00_input_object"}, "pre_layers": [], "output_shape": [null, 28, 28, 1]}, "1": {"type": "time_distributed", "args": {"layer": {"type": "simpleRNN", "args": {"units": 2, "activation": "softmax", "use_bias": false, "kernel_initializer": "random_uniform", "recurrent_initializer": "random_uniform", "bias_initializer": "random_uniform", "kernel_regularizer": null, "recurrent_regularizer": null, "bias_regularizer": null, "activity_regularizer": null, "kernel_constraint": null, "recurrent_constraint": null, "bias_constraint": null, "dropout": 0.0, "recurrent_dropout": 0.0, "return_sequences": false, "return_state": false, "go_backwards": false, "stateful": false, "unroll": false}}, "name": "01_time_distributed"}, "pre_layers": [0], "output_shape": [null, 28, 2]}, "2": {"type": "max_pooling1D", "args": {"pool_size": 22, "strides": 13, "padding": "valid", "name": "02_max_pooling1D"}, "pre_layers": [1], "output_shape": [null, 1, 2]}, "3": {"type": "batch_normalization", "args": {"axis": -1, "momentum": 0.6415192328531846, "epsilon": 0.010061520872929774, "center": false, "scale": false, "beta_initializer": "random_uniform", "gamma_initializer": "random_uniform", "moving_mean_initializer": "random_uniform", "moving_variance_initializer": "random_uniform", "beta_regularizer": null, "gamma_regularizer": null, "beta_constraint": null, "gamma_constraint": null, "name": "03_batch_normalization"}, "pre_layers": [2], "output_shape": [null, 1, 2]}, "4": {"type": "flatten", "args": {"data_format": null, "name": "04_flatten"}, "pre_layers": [3], "output_shape": [null, 2]}, "5": {"type": "dense", "args": {"units": 10, "activation": "linear", "use_bias": false, "kernel_initializer": "random_uniform", "bias_initializer": "random_uniform", "kernel_regularizer": null, "bias_regularizer": null, "activity_regularizer": null, "kernel_constraint": null, "bias_constraint": null, "name": "05_dense"}, "pre_layers": [4], "output_shape": [null, 10]}, "6": {"type": "reshape", "args": {"target_shape": [10], "name": "06_reshape"}, "pre_layers": [5], "output_shape": [null, 10]}}, "input_id_list": [0], "output_id_list": [6], "dataset_name": "mnist"}