{"model_structure": {"0": {"type": "input_object", "args": {"shape": [28, 28, 1], "batch_shape": null, "dtype": null, "sparse": false, "tensor": null, "name": "00_input_object"}, "pre_layers": [], "output_shape": [null, 28, 28, 1]}, "1": {"type": "conv2D_transpose", "args": {"filters": 5, "kernel_size": [1, 1], "strides": [1, 1], "padding": "valid", "data_format": "channels_first", "activation": "sigmoid", "use_bias": true, "kernel_initializer": "random_uniform", "bias_initializer": "random_uniform", "kernel_regularizer": null, "bias_regularizer": null, "activity_regularizer": null, "kernel_constraint": null, "bias_constraint": null, "name": "01_conv2D_transpose"}, "pre_layers": [0], "output_shape": [null, 5, 28, 1]}, "2": {"type": "zero_padding2D", "args": {"padding": [3, 2], "data_format": "channels_first", "name": "02_zero_padding2D"}, "pre_layers": [1], "output_shape": [null, 5, 34, 5]}, "3": {"type": "cropping2D", "args": {"cropping": 1, "data_format": "channels_first", "name": "03_cropping2D"}, "pre_layers": [2], "output_shape": [null, 5, 32, 3]}, "4": {"type": "cropping2D", "args": {"cropping": [0, 9], "data_format": "channels_last", "name": "04_cropping2D"}, "pre_layers": [3], "output_shape": [null, 5, 14, 3]}, "5": {"type": "flatten", "args": {"data_format": "channels_last", "name": "05_flatten"}, "pre_layers": [4], "output_shape": [null, 210]}, "6": {"type": "dense", "args": {"units": 10, "activation": "linear", "use_bias": true, "kernel_initializer": "random_uniform", "bias_initializer": "random_uniform", "kernel_regularizer": null, "bias_regularizer": null, "activity_regularizer": null, "kernel_constraint": null, "bias_constraint": null, "name": "06_dense"}, "pre_layers": [5], "output_shape": [null, 10]}, "7": {"type": "reshape", "args": {"target_shape": [10], "name": "07_reshape"}, "pre_layers": [6], "output_shape": [null, 10]}}, "input_id_list": [0], "output_id_list": [7], "dataset_name": "mnist"}