{"model_structure": {"0": {"type": "input_object", "args": {"shape": [28, 28, 1], "batch_shape": null, "dtype": null, "sparse": false, "tensor": null, "name": "00_input_object"}, "pre_layers": [], "output_shape": [null, 28, 28, 1]}, "1": {"type": "average_pooling2D", "args": {"pool_size": [5, 5], "strides": null, "padding": "same", "data_format": "channels_last", "name": "01_average_pooling2D"}, "pre_layers": [0], "output_shape": [null, 6, 6, 1]}, "2": {"type": "depthwise_conv2D", "args": {"kernel_size": [5, 5], "strides": [1, 1], "padding": "valid", "depth_multiplier": 5, "data_format": "channels_last", "activation": "relu", "use_bias": true, "depthwise_initializer": "random_uniform", "bias_initializer": "random_uniform", "depthwise_regularizer": null, "bias_regularizer": null, "activity_regularizer": null, "depthwise_constraint": null, "bias_constraint": null, "name": "02_depthwise_conv2D"}, "pre_layers": [1], "output_shape": [null, 2, 2, 5]}, "3": {"type": "average_pooling2D", "args": {"pool_size": [1, 1], "strides": null, "padding": "valid", "data_format": "channels_last", "name": "03_average_pooling2D"}, "pre_layers": [2], "output_shape": [null, 2, 2, 5]}, "4": {"type": "depthwise_conv2D", "args": {"kernel_size": [1, 1], "strides": [2, 2], "padding": "valid", "depth_multiplier": 3, "data_format": "channels_first", "activation": "tanh", "use_bias": true, "depthwise_initializer": "random_uniform", "bias_initializer": "random_uniform", "depthwise_regularizer": null, "bias_regularizer": null, "activity_regularizer": null, "depthwise_constraint": null, "bias_constraint": null, "name": "04_depthwise_conv2D"}, "pre_layers": [3], "output_shape": [null, 6, 1, 3]}, "5": {"type": "flatten", "args": {"data_format": null, "name": "05_flatten"}, "pre_layers": [4], "output_shape": [null, 18]}, "6": {"type": "dense", "args": {"units": 10, "activation": "linear", "use_bias": true, "kernel_initializer": "random_uniform", "bias_initializer": "random_uniform", "kernel_regularizer": null, "bias_regularizer": null, "activity_regularizer": null, "kernel_constraint": null, "bias_constraint": null, "name": "06_dense"}, "pre_layers": [5], "output_shape": [null, 10]}, "7": {"type": "reshape", "args": {"target_shape": [10], "name": "07_reshape"}, "pre_layers": [6], "output_shape": [null, 10]}}, "input_id_list": [0], "output_id_list": [7], "dataset_name": "mnist"}