{"model_structure": {"0": {"type": "input_object", "args": {"shape": [28, 28, 1], "batch_shape": null, "dtype": null, "sparse": false, "tensor": null, "name": "00_input_object"}, "pre_layers": [], "output_shape": [null, 28, 28, 1]}, "1": {"type": "global_max_pooling2D", "args": {"data_format": "channels_last", "name": "01_global_max_pooling2D"}, "pre_layers": [0], "output_shape": [null, 1]}, "2": {"type": "dense", "args": {"units": 2, "activation": "linear", "use_bias": false, "kernel_initializer": "random_uniform", "bias_initializer": "random_uniform", "kernel_regularizer": null, "bias_regularizer": null, "activity_regularizer": null, "kernel_constraint": null, "bias_constraint": null, "name": "02_dense"}, "pre_layers": [1], "output_shape": [null, 2]}, "3": {"type": "repeat_vector", "args": {"n": 3, "name": "03_repeat_vector"}, "pre_layers": [2], "output_shape": [null, 3, 2]}, "4": {"type": "up_sampling1D", "args": {"size": 5, "name": "04_up_sampling1D"}, "pre_layers": [3], "output_shape": [null, 15, 2]}, "5": {"type": "flatten", "args": {"data_format": "channels_last", "name": "05_flatten"}, "pre_layers": [4], "output_shape": [null, 30]}, "6": {"type": "dense", "args": {"units": 10, "activation": "linear", "use_bias": true, "kernel_initializer": "random_uniform", "bias_initializer": "random_uniform", "kernel_regularizer": null, "bias_regularizer": null, "activity_regularizer": null, "kernel_constraint": null, "bias_constraint": null, "name": "06_dense"}, "pre_layers": [5], "output_shape": [null, 10]}, "7": {"type": "reshape", "args": {"target_shape": [10], "name": "07_reshape"}, "pre_layers": [6], "output_shape": [null, 10]}}, "input_id_list": [0], "output_id_list": [7], "dataset_name": "mnist"}