{"model_structure": {"0": {"type": "input_object", "args": {"shape": [28, 28, 1], "batch_shape": null, "dtype": null, "sparse": false, "tensor": null, "name": "00_input_object"}, "pre_layers": [], "output_shape": [null, 28, 28, 1]}, "1": {"type": "depthwise_conv2D", "args": {"kernel_size": [1, 1], "strides": [1, 1], "padding": "valid", "depth_multiplier": 4, "data_format": "channels_first", "activation": "relu", "use_bias": false, "depthwise_initializer": "random_uniform", "bias_initializer": "random_uniform", "depthwise_regularizer": null, "bias_regularizer": null, "activity_regularizer": null, "depthwise_constraint": null, "bias_constraint": null, "name": "01_depthwise_conv2D"}, "pre_layers": [0], "output_shape": [null, 112, 28, 1]}, "2": {"type": "batch_normalization", "args": {"axis": 3, "momentum": 0.2713751380174805, "epsilon": 0.15840148926244146, "center": false, "scale": true, "beta_initializer": "random_uniform", "gamma_initializer": "random_uniform", "moving_mean_initializer": "random_uniform", "moving_variance_initializer": "random_uniform", "beta_regularizer": null, "gamma_regularizer": null, "beta_constraint": null, "gamma_constraint": null, "name": "02_batch_normalization"}, "pre_layers": [1], "output_shape": [null, 112, 28, 1]}, "3": {"type": "up_sampling2D", "args": {"size": [5, 2], "data_format": "channels_last", "name": "03_up_sampling2D"}, "pre_layers": [2], "output_shape": [null, 560, 56, 1]}, "4": {"type": "separable_conv2D", "args": {"filters": 4, "kernel_size": [1, 1], "strides": [1, 1], "padding": "same", "data_format": "channels_first", "dilation_rate": [1, 1], "depth_multiplier": 5, "activation": "sigmoid", "use_bias": false, "depthwise_initializer": "random_uniform", "pointwise_initializer": "random_uniform", "bias_initializer": "random_uniform", "depthwise_regularizer": null, "pointwise_regularizer": null, "bias_regularizer": null, "activity_regularizer": null, "depthwise_constraint": null, "pointwise_constraint": null, "bias_constraint": null, "name": "04_separable_conv2D"}, "pre_layers": [3], "output_shape": [null, 4, 56, 1]}, "5": {"type": "flatten", "args": {"data_format": null, "name": "05_flatten"}, "pre_layers": [4], "output_shape": [null, 224]}, "6": {"type": "dense", "args": {"units": 10, "activation": "linear", "use_bias": true, "kernel_initializer": "random_uniform", "bias_initializer": "random_uniform", "kernel_regularizer": null, "bias_regularizer": null, "activity_regularizer": null, "kernel_constraint": null, "bias_constraint": null, "name": "06_dense"}, "pre_layers": [5], "output_shape": [null, 10]}, "7": {"type": "reshape", "args": {"target_shape": [10], "name": "07_reshape"}, "pre_layers": [6], "output_shape": [null, 10]}}, "input_id_list": [0], "output_id_list": [7], "dataset_name": "mnist"}