{"model_structure": {"0": {"type": "input_object", "args": {"shape": [28, 28, 1], "batch_shape": null, "dtype": null, "sparse": false, "tensor": null, "name": "00_input_object"}, "pre_layers": [], "output_shape": [null, 28, 28, 1]}, "1": {"type": "dense", "args": {"units": 4, "activation": "linear", "use_bias": false, "kernel_initializer": "random_uniform", "bias_initializer": "random_uniform", "kernel_regularizer": null, "bias_regularizer": null, "activity_regularizer": null, "kernel_constraint": null, "bias_constraint": null, "name": "01_dense"}, "pre_layers": [0], "output_shape": [null, 28, 28, 4]}, "2": {"type": "cropping2D", "args": {"cropping": [5, 0], "data_format": "channels_last", "name": "02_cropping2D"}, "pre_layers": [1], "output_shape": [null, 18, 28, 4]}, "3": {"type": "global_max_pooling2D", "args": {"data_format": "channels_first", "name": "03_global_max_pooling2D"}, "pre_layers": [2], "output_shape": [null, 18]}, "4": {"type": "dense", "args": {"units": 2, "activation": "linear", "use_bias": false, "kernel_initializer": "random_uniform", "bias_initializer": "random_uniform", "kernel_regularizer": null, "bias_regularizer": null, "activity_regularizer": null, "kernel_constraint": null, "bias_constraint": null, "name": "04_dense"}, "pre_layers": [3], "output_shape": [null, 2]}, "5": {"type": "dense", "args": {"units": 10, "activation": "linear", "use_bias": true, "kernel_initializer": "random_uniform", "bias_initializer": "random_uniform", "kernel_regularizer": null, "bias_regularizer": null, "activity_regularizer": null, "kernel_constraint": null, "bias_constraint": null, "name": "05_dense"}, "pre_layers": [4], "output_shape": [null, 10]}, "6": {"type": "reshape", "args": {"target_shape": [10], "name": "06_reshape"}, "pre_layers": [5], "output_shape": [null, 10]}}, "input_id_list": [0], "output_id_list": [6], "dataset_name": "mnist"}