{"model_structure": {"0": {"type": "input_object", "args": {"shape": [28, 28, 1], "batch_shape": null, "dtype": null, "sparse": false, "tensor": null, "name": "00_input_object"}, "pre_layers": [], "output_shape": [null, 28, 28, 1]}, "1": {"type": "global_average_pooling2D", "args": {"data_format": "channels_last", "name": "01_global_average_pooling2D"}, "pre_layers": [0], "output_shape": [null, 1]}, "2": {"type": "repeat_vector", "args": {"n": 4, "name": "02_repeat_vector"}, "pre_layers": [1], "output_shape": [null, 4, 1]}, "3": {"type": "up_sampling1D", "args": {"size": 3, "name": "03_up_sampling1D"}, "pre_layers": [2], "output_shape": [null, 12, 1]}, "4": {"type": "separable_conv1D", "args": {"filters": 5, "kernel_size": [8], "strides": [1], "padding": "same", "data_format": "channels_last", "dilation_rate": [1], "depth_multiplier": 4, "activation": "softplus", "use_bias": true, "depthwise_initializer": "random_uniform", "pointwise_initializer": "random_uniform", "bias_initializer": "random_uniform", "depthwise_regularizer": null, "pointwise_regularizer": null, "bias_regularizer": null, "activity_regularizer": null, "depthwise_constraint": null, "pointwise_constraint": null, "bias_constraint": null, "name": "04_separable_conv1D"}, "pre_layers": [3], "output_shape": [null, 12, 5]}, "5": {"type": "flatten", "args": {"data_format": null, "name": "05_flatten"}, "pre_layers": [4], "output_shape": [null, 60]}, "6": {"type": "dense", "args": {"units": 10, "activation": "linear", "use_bias": false, "kernel_initializer": "random_uniform", "bias_initializer": "random_uniform", "kernel_regularizer": null, "bias_regularizer": null, "activity_regularizer": null, "kernel_constraint": null, "bias_constraint": null, "name": "06_dense"}, "pre_layers": [5], "output_shape": [null, 10]}, "7": {"type": "reshape", "args": {"target_shape": [10], "name": "07_reshape"}, "pre_layers": [6], "output_shape": [null, 10]}}, "input_id_list": [0], "output_id_list": [7], "dataset_name": "mnist"}