{"model_structure": {"0": {"type": "input_object", "args": {"shape": [28, 28, 1], "batch_shape": null, "dtype": null, "sparse": false, "tensor": null, "name": "00_input_object"}, "pre_layers": [], "output_shape": [null, 28, 28, 1]}, "1": {"type": "conv2D_transpose", "args": {"filters": 4, "kernel_size": [1, 1], "strides": [17, 17], "padding": "same", "data_format": "channels_last", "activation": "relu", "use_bias": false, "kernel_initializer": "random_uniform", "bias_initializer": "random_uniform", "kernel_regularizer": null, "bias_regularizer": null, "activity_regularizer": null, "kernel_constraint": null, "bias_constraint": null, "name": "01_conv2D_transpose"}, "pre_layers": [0], "output_shape": [null, 476, 476, 4]}, "2": {"type": "dense", "args": {"units": 5, "activation": "linear", "use_bias": false, "kernel_initializer": "random_uniform", "bias_initializer": "random_uniform", "kernel_regularizer": null, "bias_regularizer": null, "activity_regularizer": null, "kernel_constraint": null, "bias_constraint": null, "name": "02_dense"}, "pre_layers": [1], "output_shape": [null, 476, 476, 5]}, "3": {"type": "depthwise_conv2D", "args": {"kernel_size": [3, 3], "strides": [3, 3], "padding": "valid", "depth_multiplier": 3, "data_format": "channels_first", "activation": "selu", "use_bias": true, "depthwise_initializer": "random_uniform", "bias_initializer": "random_uniform", "depthwise_regularizer": null, "bias_regularizer": null, "activity_regularizer": null, "depthwise_constraint": null, "bias_constraint": null, "name": "03_depthwise_conv2D"}, "pre_layers": [2], "output_shape": [null, 1428, 158, 1]}, "4": {"type": "global_max_pooling2D", "args": {"data_format": "channels_first", "name": "04_global_max_pooling2D"}, "pre_layers": [3], "output_shape": [null, 1428]}, "5": {"type": "dense", "args": {"units": 10, "activation": "linear", "use_bias": false, "kernel_initializer": "random_uniform", "bias_initializer": "random_uniform", "kernel_regularizer": null, "bias_regularizer": null, "activity_regularizer": null, "kernel_constraint": null, "bias_constraint": null, "name": "05_dense"}, "pre_layers": [4], "output_shape": [null, 10]}, "6": {"type": "reshape", "args": {"target_shape": [10], "name": "06_reshape"}, "pre_layers": [5], "output_shape": [null, 10]}}, "input_id_list": [0], "output_id_list": [6], "dataset_name": "mnist"}