{"model_structure": {"0": {"type": "input_object", "args": {"shape": [28, 28, 1], "batch_shape": null, "dtype": null, "sparse": false, "tensor": null, "name": "00_input_object"}, "pre_layers": [], "output_shape": [null, 28, 28, 1]}, "1": {"type": "max_pooling2D", "args": {"pool_size": [26, 26], "strides": [17, 17], "padding": "valid", "data_format": "channels_last", "name": "01_max_pooling2D"}, "pre_layers": [0], "output_shape": [null, 1, 1, 1]}, "2": {"type": "batch_normalization", "args": {"axis": -1, "momentum": 0.7691774395269035, "epsilon": 0.25694423528237675, "center": false, "scale": false, "beta_initializer": "random_uniform", "gamma_initializer": "random_uniform", "moving_mean_initializer": "random_uniform", "moving_variance_initializer": "random_uniform", "beta_regularizer": null, "gamma_regularizer": null, "beta_constraint": null, "gamma_constraint": null, "name": "02_batch_normalization"}, "pre_layers": [1], "output_shape": [null, 1, 1, 1]}, "3": {"type": "cropping2D", "args": {"cropping": 0, "data_format": "channels_first", "name": "03_cropping2D"}, "pre_layers": [2], "output_shape": [null, 1, 1, 1]}, "4": {"type": "batch_normalization", "args": {"axis": 1, "momentum": 0.4214013616855249, "epsilon": 0.30245208420138947, "center": true, "scale": true, "beta_initializer": "random_uniform", "gamma_initializer": "random_uniform", "moving_mean_initializer": "random_uniform", "moving_variance_initializer": "random_uniform", "beta_regularizer": null, "gamma_regularizer": null, "beta_constraint": null, "gamma_constraint": null, "name": "04_batch_normalization"}, "pre_layers": [3], "output_shape": [null, 1, 1, 1]}, "5": {"type": "flatten", "args": {"data_format": null, "name": "05_flatten"}, "pre_layers": [4], "output_shape": [null, 1]}, "6": {"type": "dense", "args": {"units": 10, "activation": "linear", "use_bias": true, "kernel_initializer": "random_uniform", "bias_initializer": "random_uniform", "kernel_regularizer": null, "bias_regularizer": null, "activity_regularizer": null, "kernel_constraint": null, "bias_constraint": null, "name": "06_dense"}, "pre_layers": [5], "output_shape": [null, 10]}, "7": {"type": "reshape", "args": {"target_shape": [10], "name": "07_reshape"}, "pre_layers": [6], "output_shape": [null, 10]}}, "input_id_list": [0], "output_id_list": [7], "dataset_name": "mnist"}