{"model_structure": {"0": {"type": "input_object", "args": {"shape": [28, 28, 1], "batch_shape": null, "dtype": null, "sparse": false, "tensor": null, "name": "00_input_object"}, "pre_layers": [], "output_shape": [null, 28, 28, 1]}, "1": {"type": "flatten", "args": {"data_format": null, "name": "01_flatten"}, "pre_layers": [0], "output_shape": [null, 784]}, "2": {"type": "repeat_vector", "args": {"n": 4, "name": "02_repeat_vector"}, "pre_layers": [1], "output_shape": [null, 4, 784]}, "3": {"type": "LSTM", "args": {"units": 5, "activation": "softplus", "recurrent_activation": "softmax", "use_bias": true, "kernel_initializer": "random_uniform", "recurrent_initializer": "random_uniform", "bias_initializer": "random_uniform", "unit_forget_bias": false, "kernel_regularizer": null, "recurrent_regularizer": null, "bias_regularizer": null, "activity_regularizer": null, "kernel_constraint": null, "recurrent_constraint": null, "bias_constraint": null, "dropout": 0.0, "recurrent_dropout": 0.0, "implementation": 1, "return_sequences": true, "return_state": false, "go_backwards": false, "stateful": false, "unroll": true, "name": "03_LSTM"}, "pre_layers": [2], "output_shape": [null, 4, 5]}, "4": {"type": "softmax", "args": {"axis": -1, "name": "04_softmax"}, "pre_layers": [3], "output_shape": [null, 4, 5]}, "5": {"type": "flatten", "args": {"data_format": null, "name": "05_flatten"}, "pre_layers": [4], "output_shape": [null, 20]}, "6": {"type": "dense", "args": {"units": 10, "activation": "linear", "use_bias": true, "kernel_initializer": "random_uniform", "bias_initializer": "random_uniform", "kernel_regularizer": null, "bias_regularizer": null, "activity_regularizer": null, "kernel_constraint": null, "bias_constraint": null, "name": "06_dense"}, "pre_layers": [5], "output_shape": [null, 10]}, "7": {"type": "reshape", "args": {"target_shape": [10], "name": "07_reshape"}, "pre_layers": [6], "output_shape": [null, 10]}}, "input_id_list": [0], "output_id_list": [7], "dataset_name": "mnist"}